<?xml version="1.0" encoding="UTF-8" standalone="no" ?><CAERep ObjId="44" Type="CAERep" Ver="2"><AnswerSetID PropType="unsigned int">21</AnswerSetID><DSEnvironmentID PropType="int">20</DSEnvironmentID><Goal PropType="string">RunSolver</Goal><HasBetaKeyOn PropType="bool">false</HasBetaKeyOn><InProcess PropType="bool">true</InProcess><LastDatabaseId PropType="unsigned int">70</LastDatabaseId><NumProcessorsForPost PropType="int">0</NumProcessorsForPost><PID_Legacy_Solve PropType="int">0</PID_Legacy_Solve><PartialCode PropType="int">1</PartialCode><ProductVersion PropType="string">19.1 RELEASE</ProductVersion><ProductVersionForSec PropType="string">19.1</ProductVersionForSec><ProjectName PropType="string">aColor_boom_final_analysis--Static Structural (E5)</ProjectName><ReturnCode PropType="int">1</ReturnCode><SolveInvokedFromAddin PropType="int">0</SolveInvokedFromAddin><SysvarMap PropType="map&lt;string,string>"><Entry key="DSSolver ProgId">AMKSolver.AMKSolver.191</Entry></SysvarMap><EngineeringRep ObjId="45" Type="EngineeringRep" Ver="2"><BCRep ObjId="48" Type="BCRep" Ver="2"><StepEndTimes PropType="vector&lt;double>" UCat="Time" Unt="s">    1</StepEndTimes><Acceleration ObjId="36" Type="Acceleration" Ver="2"><Caption PropType="string">Standard Earth Gravity</Caption><IsBaseExcitation PropType="bool">false</IsBaseExcitation><RefCoordSysId PropType="unsigned int">19</RefCoordSysId><LoadStep ObjId="64" Type="LoadStep" Ver="2"><ActiveBitmask PropType="vector&lt;int>">63</ActiveBitmask><IsActive PropType="vector&lt;bool>">true</IsActive><Number PropType="vector&lt;int>"/></LoadStep><ComponentX ObjId="65" Type="Table" Ver="2"><StepNumber PropType="vector&lt;int>">1,1</StepNumber><Time PropType="vector&lt;double>" UCat="Time" Unt="s">    0,    1</Time><Values PropType="vector&lt;double>" UCat="Acceleration" Unt="m s^-2">    0,    0</Values></ComponentX><ComponentY ObjId="66" Type="Table" Ver="2"><StepNumber PropType="vector&lt;int>">1,1</StepNumber><Time PropType="vector&lt;double>" UCat="Time" Unt="s">    0,    1</Time><Values PropType="vector&lt;double>" UCat="Acceleration" Unt="m s^-2">    0,9.806649999999999</Values></ComponentY><ComponentZ ObjId="67" Type="Table" Ver="2"><StepNumber PropType="vector&lt;int>">1,1</StepNumber><Time PropType="vector&lt;double>" UCat="Time" Unt="s">    0,    1</Time><Values PropType="vector&lt;double>" UCat="Acceleration" Unt="m s^-2">    0,    0</Values></ComponentZ></Acceleration><FixedSurfaceSupport ObjId="24" Type="Support" Ver="2"><Caption PropType="string">Fixed Support</Caption><Scoping PropType="vector&lt;string>">25</Scoping><Type PropType="string"/></FixedSurfaceSupport><FixedSurfaceSupport ObjId="26" Type="Support" Ver="2"><Caption PropType="string">Fixed Support 2</Caption><Scoping PropType="vector&lt;string>">27</Scoping><Type PropType="string"/></FixedSurfaceSupport><FixedSurfaceSupport ObjId="34" Type="Support" Ver="2"><Caption PropType="string">Fixed Support 3</Caption><Scoping PropType="vector&lt;string>">35</Scoping><Type PropType="string"/></FixedSurfaceSupport></BCRep><GeometryAttributes ObjId="46" Type="GeometryAttributes" Ver="2"><AssemblyAttributes ObjId="47" Type="AssemblyAttributes" Ver="2"><ElementOptionControl PropType="string">ProgramControlled</ElementOptionControl><GeometrySource PropType="string">\\intra.tut.fi\home\shivakum\My Documents\Desktop\aColor_boom3\Mast_to_boom_flange.SLDPRT</GeometrySource><Is2DAnalysis PropType="bool">false</Is2DAnalysis><DistributedMass ObjId="28" Type="DistributedMass" Ver="1"><Caption PropType="string">Distributed Mass</Caption><InputType PropType="string">TotalMass</InputType><Scoping PropType="vector&lt;string>">29</Scoping><TotalMass PropType="double" UCat="Mass" Unt="kg">  150</TotalMass></DistributedMass><PartAttributes ObjId="15" Type="PartAttributes" Ver="2"><Caption PropType="string">Mast_to_boom_flange Bodies</Caption><Mass PropType="double" UCat="Mass" Unt="kg">19.76448228710818</Mass><PartId PropType="unsigned int">3</PartId><BodyAttributes ObjId="16" Type="BodyAttributes" Ver="2"><AreNonLinearEffectsOn PropType="bool">true</AreNonLinearEffectsOn><BoundingBoxDiagonal PropType="double" UCat="Length" Unt="m">0.6716082938598902</BoundingBoxDiagonal><Caption PropType="string">Mast_to_boom_flange</Caption><ElementCoordSysId PropType="unsigned int">19</ElementCoordSysId><GeometryType PropType="string">Solid</GeometryType><Mass PropType="double" UCat="Mass" Unt="kg">19.76448228710818</Mass><ProtoReferenceId PropType="unsigned int">219</ProtoReferenceId><StiffnessBehavior PropType="string">Deformable</StiffnessBehavior><ThermalStrainCalculation PropType="bool">true</ThermalStrainCalculation><Centroid ObjId="55" Type="DSGePoint3d" Ver="3"><Coordinates PropType="vector&lt;double>" UCat="Length" Unt="m">0.1075038214059749,0.03130064974247533,-0.2561078986365694</Coordinates></Centroid><MassMomentOfInertia ObjId="54" Type="MassMomentOfInertia" Ver="2"><Ixx PropType="double" UCat="MomentInertiaMass" Unt="kg m^2">0.4921205794899943</Ixx><Iyy PropType="double" UCat="MomentInertiaMass" Unt="kg m^2">0.6734156309867529</Iyy><Izz PropType="double" UCat="MomentInertiaMass" Unt="kg m^2">0.2962792990843445</Izz></MassMomentOfInertia><MaterialRep ObjId="53" Type="MaterialRep" Ver="2"><MaterialName PropType="string">Structural Steel</MaterialName><ReferenceTemperature PropType="double" UCat="Temperature" Unt="Celsius">   22</ReferenceTemperature><UnitSystem PropType="int">0</UnitSystem><UseReferenceTemperature PropType="bool">false</UseReferenceTemperature></MaterialRep></BodyAttributes><Centroid ObjId="56" Type="DSGePoint3d" Ver="3"><Coordinates PropType="vector&lt;double>" UCat="Length" Unt="m">0.1075038214059749,0.03130064974247533,-0.2561078986365694</Coordinates></Centroid><MassMomentOfInertia ObjId="57" Type="MassMomentOfInertia" Ver="2"><Ixx PropType="double" UCat="MomentInertiaMass" Unt="kg m^2">0.4921205794899943</Ixx><Iyy PropType="double" UCat="MomentInertiaMass" Unt="kg m^2">0.6734156309867529</Iyy><Izz PropType="double" UCat="MomentInertiaMass" Unt="kg m^2">0.2962792990843445</Izz><CoordinateSystemRep ObjId="58" Type="CoordinateSystemRep" Ver="3"><Caption PropType="string">Undefined</Caption><CoordSystemIndex PropType="unsigned int">0</CoordSystemIndex><IsGlobal PropType="bool">false</IsGlobal><Param1 PropType="double">    1</Param1><Param2 PropType="double">    1</Param2><Singularity1 PropType="int">0</Singularity1><Singularity2 PropType="int">0</Singularity2><SolverCoordNumber PropType="unsigned int">0</SolverCoordNumber><Type PropType="string">Cartesian</Type><DSGePoint3d ObjId="60" Type="DSGePoint3d" Ver="3"><Coordinates PropType="vector&lt;double>" UCat="Length" Unt="m">0.1075038214059749,0.03130064974247533,-0.2561078986365694</Coordinates></DSGePoint3d><Matrix3X3 ObjId="59" Type="Matrix3X3" Ver="2"><IsOrthogonal PropType="bool">false</IsOrthogonal><Row0 PropType="vector&lt;double>">0.8555870257516366,-0.5148437794064427,0.05391404429235694</Row0><Row1 PropType="vector&lt;double>">0.5158606672733069,0.8566516935459122,-0.005970586676279744</Row1><Row2 PropType="vector&lt;double>">-0.04311163793926728,0.03292049136040842,0.9985277301721682</Row2></Matrix3X3></CoordinateSystemRep></MassMomentOfInertia></PartAttributes></AssemblyAttributes></GeometryAttributes><ServiceRep ObjId="49" Type="ServiceRep" Ver="2"><CoordinateSystemRep ObjId="19" Type="CoordinateSystemRep" Ver="3"><Caption PropType="string">Global Coordinate System</Caption><CoordSystemIndex PropType="unsigned int">0</CoordSystemIndex><IsGlobal PropType="bool">true</IsGlobal><Param1 PropType="double">    1</Param1><Param2 PropType="double">    1</Param2><Singularity1 PropType="int">0</Singularity1><Singularity2 PropType="int">0</Singularity2><SolverCoordNumber PropType="int">0</SolverCoordNumber><Type PropType="string">Cartesian</Type><DSGePoint3d ObjId="62" Type="DSGePoint3d" Ver="3"><Coordinates PropType="vector&lt;double>" UCat="Length" Unt="m">    0,    0,    0</Coordinates></DSGePoint3d><Matrix3X3 ObjId="61" Type="Matrix3X3" Ver="2"><IsOrthogonal PropType="bool">false</IsOrthogonal><Row0 PropType="vector&lt;double>">    1,    0,    0</Row0><Row1 PropType="vector&lt;double>">    0,    1,    0</Row1><Row2 PropType="vector&lt;double>">    0,    0,    1</Row2></Matrix3X3></CoordinateSystemRep><ReferenceDataRep ObjId="63" Type="ReferenceDataRep" Ver="2"><BodyId PropType="vector&lt;unsigned int>">219,219,219,219,219,219</BodyId><PartId PropType="vector&lt;unsigned int>">3,3,3,3,3,3</PartId><RefId PropType="vector&lt;unsigned int>">1,2,3,4,5,6</RefId><RefItem PropType="vector&lt;unsigned int>">0,0,0,0,0,0</RefItem><RefType PropType="vector&lt;unsigned int>">1048576,96,96,96,96,1048576</RefType><RefValue PropType="vector&lt;unsigned int>">219,24,147,148,190,219</RefValue><Scoping PropType="vector&lt;string>">17,29,25,27,35,37</Scoping><Type PropType="vector&lt;unsigned int>">1,1,1,1,1,1</Type><UBID PropType="vector&lt;unsigned int>">16,16,16,16,16,16</UBID><UPID PropType="vector&lt;unsigned int>">15,15,15,15,15,15</UPID></ReferenceDataRep></ServiceRep></EngineeringRep><GeometryRep ObjId="52" Type="GeometryRep" Ver="2"><ActiveAssembly PropType="unsigned int">1</ActiveAssembly><PartsAssembly PropType="string">000000000284AE18</PartsAssembly><Units PropType="string">m</Units></GeometryRep><MaterialLibraryRep ObjId="51" Type="MaterialLibraryRep" Ver="2"><FileName PropType="string">MatML.xml</FileName></MaterialLibraryRep><MeshRep ObjId="50" Type="MeshRep" Ver="2"><AssemblyMesh PropType="string">00000000458FDFA8</AssemblyMesh><Configuration PropType="unsigned int">32</Configuration><IndependentMesh PropType="string">IndependentMesh.bin</IndependentMesh><RigidBodyBehavior PropType="string">DimensionallyReduced</RigidBodyBehavior><Units PropType="string">m</Units></MeshRep><SolverRep ObjId="68" Type="SolverRep" Ver="2"><AnalysisType PropType="string">Static</AnalysisType><PhysicsType PropType="string">Mechanical</PhysicsType><SolverTargetName PropType="string">ANSYS</SolverTargetName><SolverThreadCommunicationPointerId PropType="string">000000004C409540</SolverThreadCommunicationPointerId><SolverUnits PropType="int">11</SolverUnits><UnknownPointerId PropType="string">0000000004C67100</UnknownPointerId><FEConnectorsRep ObjId="22" Type="FEConnectorsRep" Ver="2"><StepSelection PropType="int">0</StepSelection></FEConnectorsRep><FileManagementRep ObjId="70" Type="FileManagementRep" Ver="2"><SolverFileDirectory PropType="string"/><SolverFileRelativeDirectory PropType="string"/></FileManagementRep><ProcessControls ObjId="69" Type="ProcessControls" Ver="2"><DistributedSolve PropType="bool">true</DistributedSolve><IsLocal PropType="bool">true</IsLocal><IsRSMSolve PropType="bool">false</IsRSMSolve><ManualMemorySettings PropType="bool">false</ManualMemorySettings><MaxProcessors PropType="int">2</MaxProcessors></ProcessControls><AnalysisSettings CAEType="extObj"><StaticMechanicalSettings version="1.0"><StepControls version="1.0"><EndTime>1.</EndTime><TimeStepOptions version="1.0"><AutoTimeSteppingType>ProgramControlled</AutoTimeSteppingType></TimeStepOptions><NonlinearControls version="1.0"><Force><ProgramControlled/></Force><Moment><ProgramControlled/></Moment><Rotation><ProgramControlled/></Rotation><Displacement><ProgramControlled/></Displacement><LineSearch>ProgramControlled</LineSearch><StabilizationControls><StabilizationControls version="1.0"><Controls>Off</Controls><Method>Energy</Method><EnergyDissipationRatio>1.e-004</EnergyDissipationRatio><DampingFactor>0.</DampingFactor><FirstSubstepOption>No</FirstSubstepOption><ForceLimit>0.2</ForceLimit></StabilizationControls></StabilizationControls></NonlinearControls><OutputControls version="1.0"><Stress>true</Stress><Strain>true</Strain><Contact>false</Contact><TimePointsOptions>All</TimePointsOptions><MaxNumberofResultSets>1000</MaxNumberofResultSets><GeneralMisc>false</GeneralMisc><CalculateFracture>false</CalculateFracture><ResultSetsType>Auto</ResultSetsType><CacheResultsInMemoryType>Never</CacheResultsInMemoryType><StoreModalResult>ProgramControlled</StoreModalResult><ExpandResultFrom>ProgramControlled</ExpandResultFrom><ProgControlledExpansion>Unknown</ProgControlledExpansion><NodalForcesType>No</NodalForcesType><CalculateParticipationFactorResult>ProgramControlled</CalculateParticipationFactorResult><CombineResultFiles>ProgramControlled</CombineResultFiles><TimePointsOptions>All</TimePointsOptions><ResultSets></ResultSets></OutputControls><CreepControls version="1.0"><CreepActivation/><CreepLimitRatio>1.</CreepLimitRatio></CreepControls><NonlinearAdaptivityControls version="3.0"><NLADHasMesh>0.</NLADHasMesh><NLADRefinementAlgorithm>0.</NLADRefinementAlgorithm><NLADRemeshingGradient>2.</NLADRemeshingGradient><NLADNumSculptedLayers>2.</NLADNumSculptedLayers><NLADNumSculptedLayersVal2>2.</NLADNumSculptedLayersVal2><NLADBoundaryAngle>15.</NLADBoundaryAngle><NLADRemeshingTolerance>5.e-002</NLADRemeshingTolerance><NLADRemeshingToleranceVal2>0.5</NLADRemeshingToleranceVal2><NLADGlobalSizeRatio>1.</NLADGlobalSizeRatio><NLADGlobalSizeRatioVal2>0.75</NLADGlobalSizeRatioVal2><NLADEdgeSplitAngle>10.</NLADEdgeSplitAngle><NLADLocalSizeRatio>1.</NLADLocalSizeRatio></NonlinearAdaptivityControls><InertialRelief>false</InertialRelief><LoadCaseIdentifier></LoadCaseIdentifier></StepControls><SolverControls version="1.0"><SolverType><ProgramControlled/></SolverType><UseLargeDeformation>false</UseLargeDeformation><WeakSprings><Off/></WeakSprings><FractureSolution>true</FractureSolution><NewtonRaphsonType><ProgramControlled/></NewtonRaphsonType><SolverPivotChecking>ProgramControlled</SolverPivotChecking></SolverControls><SolverFileControls version="1.0"><SolverEngineType>ANSYS</SolverEngineType><SolverUnits>11</SolverUnits><SolverFilesDirectory>\\intra.tut.fi\home\shivakum\My Documents\Desktop\aColor_boom3\Analysis\aColor_boom_final_analysis_files\dp0\SYS-3\MECH\</SolverFilesDirectory><SolverJobname>file</SolverJobname><ScratchSolverFilesDirectory>\\intra.tut.fi\home\shivakum\My Documents\Desktop\aColor_boom3\Analysis\_ProjectScratch\Scr165D\</ScratchSolverFilesDirectory><AdditionalList/><SaveANSYSDB>false</SaveANSYSDB><ContactSummary>kAnalysisSettingsContactSummaryProgramControlled</ContactSummary><DeleteUnusedFiles>true</DeleteUnusedFiles><ResultFile>file.rst</ResultFile><NonlinearSolution>false</NonlinearSolution></SolverFileControls><RestartAnalysis version="1.0"><RestartType>ProgramControlled</RestartType><RestartAction>ContinueAnalysis</RestartAction><RestartAtLoadStep>0</RestartAtLoadStep><RestartAtSubstep>0</RestartAtSubstep><RestartAtTime>0.000000000000000</RestartAtTime><EndStepTime>0.000000000000000</EndStepTime><ModifiedLoads></ModifiedLoads></RestartAnalysis><RestartControls version="1.0"><Controls>ProgramControlled</Controls><SaveAtLoadStep>None</SaveAtLoadStep><SaveAtSubstep>None</SaveAtSubstep><SaveSubstepFrequency>1</SaveSubstepFrequency><SaveMaximumFiles>0</SaveMaximumFiles><RetainFiles>No</RetainFiles><CombineMultiFrames>ProgramControlled</CombineMultiFrames></RestartControls><FractureControls version="1.0"><FractureSolverControls><HasSMARTCrackGrowth>false</HasSMARTCrackGrowth></FractureSolverControls></FractureControls><RotordynamicsControls version="1.0"><CoriolisEffect>No</CoriolisEffect><ReferenceFrameStationary>Stationary</ReferenceFrameStationary><RotatingDampingEffect>No</RotatingDampingEffect><CampbellDiagram>No</CampbellDiagram><Sorting>Yes</Sorting><ModalNumberofPoints>2</ModalNumberofPoints><ModeReuse>ProgramControlled</ModeReuse></RotordynamicsControls></StaticMechanicalSettings></AnalysisSettings></SolverRep></CAERep>