<?xml version="1.0" encoding="UTF-8" standalone="no" ?><CAERep ObjId="135" Type="CAERep" Ver="2"><AnswerSetID PropType="unsigned int">29</AnswerSetID><DSEnvironmentID PropType="int">28</DSEnvironmentID><Goal PropType="string">RunSolver</Goal><HasBetaKeyOn PropType="bool">false</HasBetaKeyOn><InProcess PropType="bool">true</InProcess><LastDatabaseId PropType="unsigned int">194</LastDatabaseId><NumProcessorsForPost PropType="int">0</NumProcessorsForPost><PID_Legacy_Solve PropType="int">0</PID_Legacy_Solve><PartialCode PropType="int">1</PartialCode><ProductVersion PropType="string">19.1 RELEASE</ProductVersion><ProductVersionForSec PropType="string">19.1</ProductVersionForSec><ProjectName PropType="string">aColor_boom_final_analysis--Static Structural (F5)</ProjectName><ReturnCode PropType="int">1</ReturnCode><SolveInvokedFromAddin PropType="int">0</SolveInvokedFromAddin><SysvarMap PropType="map&lt;string,string>"><Entry key="DSSolver ProgId">AMKSolver.AMKSolver.191</Entry></SysvarMap><EngineeringRep ObjId="136" Type="EngineeringRep" Ver="2"><BCRep ObjId="139" Type="BCRep" Ver="2"><StepEndTimes PropType="vector&lt;double>" UCat="Time" Unt="s">    1</StepEndTimes><Acceleration ObjId="35" Type="Acceleration" Ver="2"><Caption PropType="string">Standard Earth Gravity</Caption><IsBaseExcitation PropType="bool">false</IsBaseExcitation><RefCoordSysId PropType="unsigned int">23</RefCoordSysId><LoadStep ObjId="188" Type="LoadStep" Ver="2"><ActiveBitmask PropType="vector&lt;int>">63</ActiveBitmask><IsActive PropType="vector&lt;bool>">true</IsActive><Number PropType="vector&lt;int>"/></LoadStep><ComponentX ObjId="189" Type="Table" Ver="2"><StepNumber PropType="vector&lt;int>">1,1</StepNumber><Time PropType="vector&lt;double>" UCat="Time" Unt="s">    0,    1</Time><Values PropType="vector&lt;double>" UCat="Acceleration" Unt="m s^-2">    0,    0</Values></ComponentX><ComponentY ObjId="190" Type="Table" Ver="2"><StepNumber PropType="vector&lt;int>">1,1</StepNumber><Time PropType="vector&lt;double>" UCat="Time" Unt="s">    0,    1</Time><Values PropType="vector&lt;double>" UCat="Acceleration" Unt="m s^-2">    0,9.806649999999999</Values></ComponentY><ComponentZ ObjId="191" Type="Table" Ver="2"><StepNumber PropType="vector&lt;int>">1,1</StepNumber><Time PropType="vector&lt;double>" UCat="Time" Unt="s">    0,    1</Time><Values PropType="vector&lt;double>" UCat="Acceleration" Unt="m s^-2">    0,    0</Values></ComponentZ></Acceleration><ContactRep ObjId="120" Type="ContactRep" Ver="3"><Behavior PropType="string">ProgramControlled</Behavior><Breakable PropType="string">No</Breakable><Caption PropType="string">Contact Region 4</Caption><CondensedPartId PropType="int">0</CondensedPartId><DecayConstant PropType="double">    0</DecayConstant><DetectionMethod PropType="string">ProgramControlled</DetectionMethod><DynamicCoefficient PropType="double">    0</DynamicCoefficient><Formulation PropType="string">ProgramControlledContact</Formulation><MaximumOffset PropType="double" UCat="Length" Unt="m">1e-07</MaximumOffset><Restitution PropType="double">    1</Restitution><Scoping PropType="vector&lt;string>">121,122</Scoping><ScopingSubset0 PropType="vector&lt;string>">121</ScopingSubset0><ScopingSubset1 PropType="vector&lt;string>">122</ScopingSubset1><SmallSliding PropType="string">ProgramControlled</SmallSliding><SourceBodyIds PropType="vector&lt;unsigned int>">559,559</SourceBodyIds><StaticCoefficient PropType="double">    0</StaticCoefficient><TargetBodyIds PropType="vector&lt;unsigned int>">308,308,308</TargetBodyIds><TrimTolerance PropType="double" UCat="Length" Unt="m">0.00168014301426445</TrimTolerance><TrimType PropType="string">ProgramControlled</TrimType><Type PropType="string">Bonded</Type><UseAutoElasticSlipTolerance PropType="string">ProgramControlled</UseAutoElasticSlipTolerance><UseAutoPenetrationTolerance PropType="string">ProgramControlled</UseAutoPenetrationTolerance><SourceReference ObjId="176" Type="CAERepBase" Ver="2"><ReferenceId PropType="unsigned int">554</ReferenceId><ReferenceType PropType="vector&lt;string>">Face,Plane</ReferenceType></SourceReference><SourceReference ObjId="177" Type="CAERepBase" Ver="2"><ReferenceId PropType="unsigned int">549</ReferenceId><ReferenceType PropType="vector&lt;string>">Face,Plane</ReferenceType></SourceReference><TargetReference ObjId="178" Type="CAERepBase" Ver="2"><ReferenceId PropType="unsigned int">206</ReferenceId><ReferenceType PropType="vector&lt;string>">Cylinder,Face</ReferenceType></TargetReference><TargetReference ObjId="179" Type="CAERepBase" Ver="2"><ReferenceId PropType="unsigned int">177</ReferenceId><ReferenceType PropType="vector&lt;string>">Face,Plane</ReferenceType></TargetReference><TargetReference ObjId="180" Type="CAERepBase" Ver="2"><ReferenceId PropType="unsigned int">266</ReferenceId><ReferenceType PropType="vector&lt;string>">Face,Plane</ReferenceType></TargetReference><Pinball ObjId="175" Type="Pinball" Ver="2"><Type PropType="string">ProgramControlled</Type></Pinball><ProgramControlledContact ObjId="174" Type="ProgramControlledContact" Ver="2"><UpdateStiffness PropType="string">Never</UpdateStiffness><UseAutoElectricalConductance PropType="bool">true</UseAutoElectricalConductance><UseAutoNormalStiffness PropType="bool">true</UseAutoNormalStiffness><UseAutoThermalConductance PropType="bool">true</UseAutoThermalConductance></ProgramControlledContact></ContactRep><ContactRep ObjId="130" Type="ContactRep" Ver="3"><Behavior PropType="string">ProgramControlled</Behavior><Breakable PropType="string">No</Breakable><Caption PropType="string">Contact Region 6</Caption><CondensedPartId PropType="int">0</CondensedPartId><DecayConstant PropType="double">    0</DecayConstant><DetectionMethod PropType="string">ProgramControlled</DetectionMethod><DynamicCoefficient PropType="double">    0</DynamicCoefficient><Formulation PropType="string">ProgramControlledContact</Formulation><MaximumOffset PropType="double" UCat="Length" Unt="m">1e-07</MaximumOffset><Restitution PropType="double">    1</Restitution><Scoping PropType="vector&lt;string>">131,132</Scoping><ScopingSubset0 PropType="vector&lt;string>">131</ScopingSubset0><ScopingSubset1 PropType="vector&lt;string>">132</ScopingSubset1><SmallSliding PropType="string">ProgramControlled</SmallSliding><SourceBodyIds PropType="vector&lt;unsigned int>">557,557</SourceBodyIds><StaticCoefficient PropType="double">    0</StaticCoefficient><TargetBodyIds PropType="vector&lt;unsigned int>">308,308,308</TargetBodyIds><TrimTolerance PropType="double" UCat="Length" Unt="m">0.00168014301426445</TrimTolerance><TrimType PropType="string">ProgramControlled</TrimType><Type PropType="string">Bonded</Type><UseAutoElasticSlipTolerance PropType="string">ProgramControlled</UseAutoElasticSlipTolerance><UseAutoPenetrationTolerance PropType="string">ProgramControlled</UseAutoPenetrationTolerance><SourceReference ObjId="183" Type="CAERepBase" Ver="2"><ReferenceId PropType="unsigned int">551</ReferenceId><ReferenceType PropType="vector&lt;string>">Face,Plane</ReferenceType></SourceReference><SourceReference ObjId="184" Type="CAERepBase" Ver="2"><ReferenceId PropType="unsigned int">548</ReferenceId><ReferenceType PropType="vector&lt;string>">Face,Plane</ReferenceType></SourceReference><TargetReference ObjId="185" Type="CAERepBase" Ver="2"><ReferenceId PropType="unsigned int">206</ReferenceId><ReferenceType PropType="vector&lt;string>">Cylinder,Face</ReferenceType></TargetReference><TargetReference ObjId="186" Type="CAERepBase" Ver="2"><ReferenceId PropType="unsigned int">177</ReferenceId><ReferenceType PropType="vector&lt;string>">Face,Plane</ReferenceType></TargetReference><TargetReference ObjId="187" Type="CAERepBase" Ver="2"><ReferenceId PropType="unsigned int">266</ReferenceId><ReferenceType PropType="vector&lt;string>">Face,Plane</ReferenceType></TargetReference><Pinball ObjId="182" Type="Pinball" Ver="2"><Type PropType="string">ProgramControlled</Type></Pinball><ProgramControlledContact ObjId="181" Type="ProgramControlledContact" Ver="2"><UpdateStiffness PropType="string">Never</UpdateStiffness><UseAutoElectricalConductance PropType="bool">true</UseAutoElectricalConductance><UseAutoNormalStiffness PropType="bool">true</UseAutoNormalStiffness><UseAutoThermalConductance PropType="bool">true</UseAutoThermalConductance></ProgramControlledContact></ContactRep><ContactRep ObjId="88" Type="ContactRep" Ver="3"><Behavior PropType="string">ProgramControlled</Behavior><Breakable PropType="string">No</Breakable><Caption PropType="string">Contact Region 2</Caption><CondensedPartId PropType="int">0</CondensedPartId><DecayConstant PropType="double">    0</DecayConstant><DetectionMethod PropType="string">ProgramControlled</DetectionMethod><DynamicCoefficient PropType="double">    0</DynamicCoefficient><Formulation PropType="string">ProgramControlledContact</Formulation><MaximumOffset PropType="double" UCat="Length" Unt="m">1e-07</MaximumOffset><Restitution PropType="double">    1</Restitution><Scoping PropType="vector&lt;string>">89,90</Scoping><ScopingSubset0 PropType="vector&lt;string>">89</ScopingSubset0><ScopingSubset1 PropType="vector&lt;string>">90</ScopingSubset1><SmallSliding PropType="string">ProgramControlled</SmallSliding><SourceBodyIds PropType="vector&lt;unsigned int>">558,558,558</SourceBodyIds><StaticCoefficient PropType="double">    0</StaticCoefficient><TargetBodyIds PropType="vector&lt;unsigned int>">308,308,308,308,308</TargetBodyIds><TrimTolerance PropType="double" UCat="Length" Unt="m">0.00168014301426445</TrimTolerance><TrimType PropType="string">ProgramControlled</TrimType><Type PropType="string">Bonded</Type><UseAutoElasticSlipTolerance PropType="string">ProgramControlled</UseAutoElasticSlipTolerance><UseAutoPenetrationTolerance PropType="string">ProgramControlled</UseAutoPenetrationTolerance><SourceReference ObjId="166" Type="CAERepBase" Ver="2"><ReferenceId PropType="unsigned int">556</ReferenceId><ReferenceType PropType="vector&lt;string>">Face,Plane</ReferenceType></SourceReference><SourceReference ObjId="167" Type="CAERepBase" Ver="2"><ReferenceId PropType="unsigned int">555</ReferenceId><ReferenceType PropType="vector&lt;string>">Face,Plane</ReferenceType></SourceReference><SourceReference ObjId="168" Type="CAERepBase" Ver="2"><ReferenceId PropType="unsigned int">550</ReferenceId><ReferenceType PropType="vector&lt;string>">Face,Plane</ReferenceType></SourceReference><TargetReference ObjId="169" Type="CAERepBase" Ver="2"><ReferenceId PropType="unsigned int">206</ReferenceId><ReferenceType PropType="vector&lt;string>">Cylinder,Face</ReferenceType></TargetReference><TargetReference ObjId="170" Type="CAERepBase" Ver="2"><ReferenceId PropType="unsigned int">177</ReferenceId><ReferenceType PropType="vector&lt;string>">Face,Plane</ReferenceType></TargetReference><TargetReference ObjId="171" Type="CAERepBase" Ver="2"><ReferenceId PropType="unsigned int">418</ReferenceId><ReferenceType PropType="vector&lt;string>">Cylinder,Face</ReferenceType></TargetReference><TargetReference ObjId="172" Type="CAERepBase" Ver="2"><ReferenceId PropType="unsigned int">403</ReferenceId><ReferenceType PropType="vector&lt;string>">Face,Plane</ReferenceType></TargetReference><TargetReference ObjId="173" Type="CAERepBase" Ver="2"><ReferenceId PropType="unsigned int">266</ReferenceId><ReferenceType PropType="vector&lt;string>">Face,Plane</ReferenceType></TargetReference><Pinball ObjId="165" Type="Pinball" Ver="2"><Type PropType="string">ProgramControlled</Type></Pinball><ProgramControlledContact ObjId="164" Type="ProgramControlledContact" Ver="2"><UpdateStiffness PropType="string">Never</UpdateStiffness><UseAutoElectricalConductance PropType="bool">true</UseAutoElectricalConductance><UseAutoNormalStiffness PropType="bool">true</UseAutoNormalStiffness><UseAutoThermalConductance PropType="bool">true</UseAutoThermalConductance></ProgramControlledContact></ContactRep><FixedSurfaceSupport ObjId="45" Type="Support" Ver="2"><Caption PropType="string">Fixed Support 5</Caption><Scoping PropType="vector&lt;string>">46</Scoping><Type PropType="string"/></FixedSurfaceSupport></BCRep><GeometryAttributes ObjId="137" Type="GeometryAttributes" Ver="2"><AssemblyAttributes ObjId="138" Type="AssemblyAttributes" Ver="2"><ElementOptionControl PropType="string">ProgramControlled</ElementOptionControl><GeometrySource PropType="string">\\intra.tut.fi\home\shivakum\My Documents\Desktop\aColor_boom3\Analysis\bp2.SLDPRT</GeometrySource><Is2DAnalysis PropType="bool">false</Is2DAnalysis><DistributedMass ObjId="74" Type="DistributedMass" Ver="1"><Caption PropType="string">Distributed Mass</Caption><InputType PropType="string">TotalMass</InputType><Scoping PropType="vector&lt;string>">75</Scoping><TotalMass PropType="double" UCat="Mass" Unt="kg">  150</TotalMass></DistributedMass><PartAttributes ObjId="16" Type="PartAttributes" Ver="2"><Caption PropType="string">bp2</Caption><Mass PropType="double" UCat="Mass" Unt="kg">8.645934794795128</Mass><PartId PropType="unsigned int">3</PartId><BodyAttributes ObjId="19" Type="BodyAttributes" Ver="2"><AreNonLinearEffectsOn PropType="bool">true</AreNonLinearEffectsOn><BoundingBoxDiagonal PropType="double" UCat="Length" Unt="m">0.6720572057057801</BoundingBoxDiagonal><Caption PropType="string">Edge-Flange6</Caption><ElementCoordSysId PropType="unsigned int">23</ElementCoordSysId><GeometryType PropType="string">Solid</GeometryType><Mass PropType="double" UCat="Mass" Unt="kg">7.701030497850374</Mass><ProtoReferenceId PropType="unsigned int">308</ProtoReferenceId><StiffnessBehavior PropType="string">Deformable</StiffnessBehavior><ThermalStrainCalculation PropType="bool">true</ThermalStrainCalculation><Centroid ObjId="146" Type="DSGePoint3d" Ver="3"><Coordinates PropType="vector&lt;double>" UCat="Length" Unt="m">0.1177065118386536,0.02531905646486783,-0.2569685174301707</Coordinates></Centroid><MassMomentOfInertia ObjId="145" Type="MassMomentOfInertia" Ver="2"><Ixx PropType="double" UCat="MomentInertiaMass" Unt="kg m^2">0.1956754880170464</Ixx><Iyy PropType="double" UCat="MomentInertiaMass" Unt="kg m^2">0.2763638199594744</Iyy><Izz PropType="double" UCat="MomentInertiaMass" Unt="kg m^2">0.1270308835000024</Izz></MassMomentOfInertia><MaterialRep ObjId="144" Type="MaterialRep" Ver="2"><MaterialName PropType="string">Aluminum Alloy</MaterialName><ReferenceTemperature PropType="double" UCat="Temperature" Unt="Celsius">   22</ReferenceTemperature><UnitSystem PropType="int">0</UnitSystem><UseReferenceTemperature PropType="bool">false</UseReferenceTemperature></MaterialRep></BodyAttributes><BodyAttributes ObjId="79" Type="BodyAttributes" Ver="2"><AreNonLinearEffectsOn PropType="bool">true</AreNonLinearEffectsOn><BoundingBoxDiagonal PropType="double" UCat="Length" Unt="m">0.2817058342342774</BoundingBoxDiagonal><Caption PropType="string">Base-Flange8</Caption><ElementCoordSysId PropType="unsigned int">23</ElementCoordSysId><GeometryType PropType="string">Solid</GeometryType><Mass PropType="double" UCat="Mass" Unt="kg">0.3163228867600001</Mass><ProtoReferenceId PropType="unsigned int">557</ProtoReferenceId><StiffnessBehavior PropType="string">Deformable</StiffnessBehavior><ThermalStrainCalculation PropType="bool">true</ThermalStrainCalculation><Centroid ObjId="149" Type="DSGePoint3d" Ver="3"><Coordinates PropType="vector&lt;double>" UCat="Length" Unt="m">0.1499999985098689,-0.03049999941140108,-0.1017173938453096</Coordinates></Centroid><MassMomentOfInertia ObjId="148" Type="MassMomentOfInertia" Ver="2"><Ixx PropType="double" UCat="MomentInertiaMass" Unt="kg m^2">4.694757477954489e-05</Ixx><Iyy PropType="double" UCat="MomentInertiaMass" Unt="kg m^2">0.002047588595544007</Iyy><Izz PropType="double" UCat="MomentInertiaMass" Unt="kg m^2">0.002089264125644206</Izz></MassMomentOfInertia><MaterialRep ObjId="147" Type="MaterialRep" Ver="2"><MaterialName PropType="string">Aluminum Alloy</MaterialName><ReferenceTemperature PropType="double" UCat="Temperature" Unt="Celsius">   22</ReferenceTemperature><UnitSystem PropType="int">0</UnitSystem><UseReferenceTemperature PropType="bool">false</UseReferenceTemperature></MaterialRep></BodyAttributes><BodyAttributes ObjId="81" Type="BodyAttributes" Ver="2"><AreNonLinearEffectsOn PropType="bool">true</AreNonLinearEffectsOn><BoundingBoxDiagonal PropType="double" UCat="Length" Unt="m">0.2816676187316217</BoundingBoxDiagonal><Caption PropType="string">Base-Flange9</Caption><ElementCoordSysId PropType="unsigned int">23</ElementCoordSysId><GeometryType PropType="string">Solid</GeometryType><Mass PropType="double" UCat="Mass" Unt="kg">0.3142907050923767</Mass><ProtoReferenceId PropType="unsigned int">558</ProtoReferenceId><StiffnessBehavior PropType="string">Deformable</StiffnessBehavior><ThermalStrainCalculation PropType="bool">true</ThermalStrainCalculation><Centroid ObjId="152" Type="DSGePoint3d" Ver="3"><Coordinates PropType="vector&lt;double>" UCat="Length" Unt="m">0.1499999985098689,-0.03036829922347954,-0.4067173898219656</Coordinates></Centroid><MassMomentOfInertia ObjId="151" Type="MassMomentOfInertia" Ver="2"><Ixx PropType="double" UCat="MomentInertiaMass" Unt="kg m^2">4.608205118360793e-05</Ixx><Iyy PropType="double" UCat="MomentInertiaMass" Unt="kg m^2">0.002034432548668398</Iyy><Izz PropType="double" UCat="MomentInertiaMass" Unt="kg m^2">0.002075276436602221</Izz></MassMomentOfInertia><MaterialRep ObjId="150" Type="MaterialRep" Ver="2"><MaterialName PropType="string">Aluminum Alloy</MaterialName><ReferenceTemperature PropType="double" UCat="Temperature" Unt="Celsius">   22</ReferenceTemperature><UnitSystem PropType="int">0</UnitSystem><UseReferenceTemperature PropType="bool">false</UseReferenceTemperature></MaterialRep></BodyAttributes><BodyAttributes ObjId="83" Type="BodyAttributes" Ver="2"><AreNonLinearEffectsOn PropType="bool">true</AreNonLinearEffectsOn><BoundingBoxDiagonal PropType="double" UCat="Length" Unt="m">0.2816676187316217</BoundingBoxDiagonal><Caption PropType="string">Base-Flange7</Caption><ElementCoordSysId PropType="unsigned int">23</ElementCoordSysId><GeometryType PropType="string">Solid</GeometryType><Mass PropType="double" UCat="Mass" Unt="kg">0.3142907050923766</Mass><ProtoReferenceId PropType="unsigned int">559</ProtoReferenceId><StiffnessBehavior PropType="string">Deformable</StiffnessBehavior><ThermalStrainCalculation PropType="bool">true</ThermalStrainCalculation><Centroid ObjId="155" Type="DSGePoint3d" Ver="3"><Coordinates PropType="vector&lt;double>" UCat="Length" Unt="m">0.1499999985098689,-0.03036829922347957,-0.2549999952316029</Coordinates></Centroid><MassMomentOfInertia ObjId="154" Type="MassMomentOfInertia" Ver="2"><Ixx PropType="double" UCat="MomentInertiaMass" Unt="kg m^2">4.608205118360793e-05</Ixx><Iyy PropType="double" UCat="MomentInertiaMass" Unt="kg m^2">0.002034432548668398</Iyy><Izz PropType="double" UCat="MomentInertiaMass" Unt="kg m^2">0.002075276436602221</Izz></MassMomentOfInertia><MaterialRep ObjId="153" Type="MaterialRep" Ver="2"><MaterialName PropType="string">Aluminum Alloy</MaterialName><ReferenceTemperature PropType="double" UCat="Temperature" Unt="Celsius">   22</ReferenceTemperature><UnitSystem PropType="int">0</UnitSystem><UseReferenceTemperature PropType="bool">false</UseReferenceTemperature></MaterialRep></BodyAttributes><Centroid ObjId="156" Type="DSGePoint3d" Ver="3"><Coordinates PropType="vector&lt;double>" UCat="Length" Unt="m">0.1212358299567279,0.01922823080993201,-0.2566604543707925</Coordinates></Centroid><MassMomentOfInertia ObjId="157" Type="MassMomentOfInertia" Ver="2"><Ixx PropType="double" UCat="MomentInertiaMass" Unt="kg m^2">0.2127148764716109</Ixx><Iyy PropType="double" UCat="MomentInertiaMass" Unt="kg m^2">0.2983819231757587</Iyy><Izz PropType="double" UCat="MomentInertiaMass" Unt="kg m^2">0.1367976181970819</Izz><CoordinateSystemRep ObjId="158" Type="CoordinateSystemRep" Ver="3"><Caption PropType="string">Undefined</Caption><CoordSystemIndex PropType="unsigned int">0</CoordSystemIndex><IsGlobal PropType="bool">false</IsGlobal><Param1 PropType="double">    1</Param1><Param2 PropType="double">    1</Param2><Singularity1 PropType="int">0</Singularity1><Singularity2 PropType="int">0</Singularity2><SolverCoordNumber PropType="unsigned int">0</SolverCoordNumber><Type PropType="string">Cartesian</Type><DSGePoint3d ObjId="160" Type="DSGePoint3d" Ver="3"><Coordinates PropType="vector&lt;double>" UCat="Length" Unt="m">0.1212358299567279,0.01922823080993201,-0.2566604543707925</Coordinates></DSGePoint3d><Matrix3X3 ObjId="159" Type="Matrix3X3" Ver="2"><IsOrthogonal PropType="bool">false</IsOrthogonal><Row0 PropType="vector&lt;double>">0.8930954529488774,-0.4474264122244977,0.04679869192566354</Row0><Row1 PropType="vector&lt;double>">0.4482607097805532,0.8938615219948015,-0.008597416133432345</Row1><Row2 PropType="vector&lt;double>">-0.0379848389370568,0.02865632811527713,0.99886734197784</Row2></Matrix3X3></CoordinateSystemRep></MassMomentOfInertia></PartAttributes></AssemblyAttributes></GeometryAttributes><ServiceRep ObjId="140" Type="ServiceRep" Ver="2"><CoordinateSystemRep ObjId="23" Type="CoordinateSystemRep" Ver="3"><Caption PropType="string">Global Coordinate System</Caption><CoordSystemIndex PropType="unsigned int">0</CoordSystemIndex><IsGlobal PropType="bool">true</IsGlobal><Param1 PropType="double">    1</Param1><Param2 PropType="double">    1</Param2><Singularity1 PropType="int">0</Singularity1><Singularity2 PropType="int">0</Singularity2><SolverCoordNumber PropType="int">0</SolverCoordNumber><Type PropType="string">Cartesian</Type><DSGePoint3d ObjId="162" Type="DSGePoint3d" Ver="3"><Coordinates PropType="vector&lt;double>" UCat="Length" Unt="m">    0,    0,    0</Coordinates></DSGePoint3d><Matrix3X3 ObjId="161" Type="Matrix3X3" Ver="2"><IsOrthogonal PropType="bool">false</IsOrthogonal><Row0 PropType="vector&lt;double>">    1,    0,    0</Row0><Row1 PropType="vector&lt;double>">    0,    1,    0</Row1><Row2 PropType="vector&lt;double>">    0,    0,    1</Row2></Matrix3X3></CoordinateSystemRep><ReferenceDataRep ObjId="163" Type="ReferenceDataRep" Ver="2"><BodyId PropType="vector&lt;unsigned int>">308,308,557,558,559,558,558,558,308,308,308,308,308,559,559,308,308,308,557,557,308,308,308,308,308,308,308</BodyId><PartId PropType="vector&lt;unsigned int>">3,3,3,3,3,3,3,3,3,3,3,3,3,3,3,3,3,3,3,3,3,3,3,3,3,3,3</PartId><RefId PropType="vector&lt;unsigned int>">1,2,3,4,5,6,7,8,9,10,11,12,13,14,15,16,17,18,19,20,21,22,23,24,25,26,27</RefId><RefItem PropType="vector&lt;unsigned int>">0,0,0,0,0,0,0,0,0,0,0,0,0,0,0,0,0,0,0,0,0,0,0,0,0,0,0</RefItem><RefType PropType="vector&lt;unsigned int>">1048576,96,1048576,1048576,1048576,96,96,96,160,96,160,96,96,96,96,160,96,96,96,96,160,96,96,96,96,96,96</RefType><RefValue PropType="vector&lt;unsigned int>">308,265,557,558,559,556,555,550,206,177,418,403,266,554,549,206,177,266,551,548,206,177,266,133,134,135,173</RefValue><Scoping PropType="vector&lt;string>">20,75,80,82,84,89,89,89,90,90,90,90,90,121,121,122,122,122,131,131,132,132,132,38,40,44,46</Scoping><Type PropType="vector&lt;unsigned int>">1,1,1,1,1,1,1,1,1,1,1,1,1,1,1,1,1,1,1,1,1,1,1,1,1,1,1</Type><UBID PropType="vector&lt;unsigned int>">19,19,79,81,83,81,81,81,19,19,19,19,19,83,83,19,19,19,79,79,19,19,19,19,19,19,19</UBID><UPID PropType="vector&lt;unsigned int>">16,16,16,16,16,16,16,16,16,16,16,16,16,16,16,16,16,16,16,16,16,16,16,16,16,16,16</UPID></ReferenceDataRep></ServiceRep></EngineeringRep><GeometryRep ObjId="143" Type="GeometryRep" Ver="2"><ActiveAssembly PropType="unsigned int">1</ActiveAssembly><PartsAssembly PropType="string">0000000000136EA8</PartsAssembly><Units PropType="string">m</Units></GeometryRep><MaterialLibraryRep ObjId="142" Type="MaterialLibraryRep" Ver="2"><FileName PropType="string">MatML.xml</FileName></MaterialLibraryRep><MeshRep ObjId="141" Type="MeshRep" Ver="2"><AssemblyMesh PropType="string">0000000046579A08</AssemblyMesh><Configuration PropType="unsigned int">133</Configuration><IndependentMesh PropType="string">IndependentMesh.bin</IndependentMesh><RigidBodyBehavior PropType="string">DimensionallyReduced</RigidBodyBehavior><Units PropType="string">m</Units></MeshRep><SolverRep ObjId="192" Type="SolverRep" Ver="2"><AnalysisType PropType="string">Static</AnalysisType><PhysicsType PropType="string">Mechanical</PhysicsType><SolverTargetName PropType="string">ANSYS</SolverTargetName><SolverThreadCommunicationPointerId PropType="string">0000000055E6D920</SolverThreadCommunicationPointerId><SolverUnits PropType="int">11</SolverUnits><UnknownPointerId PropType="string">00000000049121F0</UnknownPointerId><FEConnectorsRep ObjId="30" Type="FEConnectorsRep" Ver="2"><StepSelection PropType="int">0</StepSelection></FEConnectorsRep><FileManagementRep ObjId="194" Type="FileManagementRep" Ver="2"><SolverFileDirectory PropType="string"/><SolverFileRelativeDirectory PropType="string"/></FileManagementRep><ProcessControls ObjId="193" Type="ProcessControls" Ver="2"><DistributedSolve PropType="bool">true</DistributedSolve><IsLocal PropType="bool">true</IsLocal><IsRSMSolve PropType="bool">false</IsRSMSolve><ManualMemorySettings PropType="bool">false</ManualMemorySettings><MaxProcessors PropType="int">2</MaxProcessors></ProcessControls><AnalysisSettings CAEType="extObj"><StaticMechanicalSettings version="1.0"><StepControls version="1.0"><EndTime>1.</EndTime><TimeStepOptions version="1.0"><AutoTimeSteppingType>ProgramControlled</AutoTimeSteppingType></TimeStepOptions><NonlinearControls version="1.0"><Force><ProgramControlled/></Force><Moment><ProgramControlled/></Moment><Rotation><ProgramControlled/></Rotation><Displacement><ProgramControlled/></Displacement><LineSearch>ProgramControlled</LineSearch><StabilizationControls><StabilizationControls version="1.0"><Controls>Off</Controls><Method>Energy</Method><EnergyDissipationRatio>1.e-004</EnergyDissipationRatio><DampingFactor>0.</DampingFactor><FirstSubstepOption>No</FirstSubstepOption><ForceLimit>0.2</ForceLimit></StabilizationControls></StabilizationControls></NonlinearControls><OutputControls version="1.0"><Stress>true</Stress><Strain>true</Strain><Contact>false</Contact><TimePointsOptions>All</TimePointsOptions><MaxNumberofResultSets>1000</MaxNumberofResultSets><GeneralMisc>false</GeneralMisc><CalculateFracture>false</CalculateFracture><ResultSetsType>Auto</ResultSetsType><CacheResultsInMemoryType>Never</CacheResultsInMemoryType><StoreModalResult>ProgramControlled</StoreModalResult><ExpandResultFrom>ProgramControlled</ExpandResultFrom><ProgControlledExpansion>Unknown</ProgControlledExpansion><NodalForcesType>No</NodalForcesType><CalculateParticipationFactorResult>ProgramControlled</CalculateParticipationFactorResult><CombineResultFiles>ProgramControlled</CombineResultFiles><TimePointsOptions>All</TimePointsOptions><ResultSets></ResultSets></OutputControls><CreepControls version="1.0"><CreepActivation/><CreepLimitRatio>1.</CreepLimitRatio></CreepControls><NonlinearAdaptivityControls version="3.0"><NLADHasMesh>0.</NLADHasMesh><NLADRefinementAlgorithm>0.</NLADRefinementAlgorithm><NLADRemeshingGradient>3.</NLADRemeshingGradient><NLADNumSculptedLayers>2.</NLADNumSculptedLayers><NLADNumSculptedLayersVal2>2.</NLADNumSculptedLayersVal2><NLADBoundaryAngle>15.</NLADBoundaryAngle><NLADRemeshingTolerance>5.e-002</NLADRemeshingTolerance><NLADRemeshingToleranceVal2>0.5</NLADRemeshingToleranceVal2><NLADGlobalSizeRatio>1.</NLADGlobalSizeRatio><NLADGlobalSizeRatioVal2>0.75</NLADGlobalSizeRatioVal2><NLADEdgeSplitAngle>10.</NLADEdgeSplitAngle><NLADLocalSizeRatio>1.</NLADLocalSizeRatio></NonlinearAdaptivityControls><InertialRelief>false</InertialRelief><LoadCaseIdentifier></LoadCaseIdentifier></StepControls><SolverControls version="1.0"><SolverType><ProgramControlled/></SolverType><UseLargeDeformation>false</UseLargeDeformation><WeakSprings><Off/></WeakSprings><FractureSolution>true</FractureSolution><NewtonRaphsonType><ProgramControlled/></NewtonRaphsonType><SolverPivotChecking>ProgramControlled</SolverPivotChecking></SolverControls><SolverFileControls version="1.0"><SolverEngineType>ANSYS</SolverEngineType><SolverUnits>11</SolverUnits><SolverFilesDirectory>\\intra.tut.fi\home\shivakum\My Documents\Desktop\aColor_boom3\Analysis\aColor_boom_final_analysis_files\dp0\SYS-5\MECH\</SolverFilesDirectory><SolverJobname>file</SolverJobname><ScratchSolverFilesDirectory>\\intra.tut.fi\home\shivakum\My Documents\Desktop\aColor_boom3\Analysis\_ProjectScratch\Scr8711\</ScratchSolverFilesDirectory><AdditionalList/><SaveANSYSDB>false</SaveANSYSDB><ContactSummary>kAnalysisSettingsContactSummaryProgramControlled</ContactSummary><DeleteUnusedFiles>true</DeleteUnusedFiles><ResultFile>file.rst</ResultFile><NonlinearSolution>false</NonlinearSolution></SolverFileControls><RestartAnalysis version="1.0"><RestartType>ProgramControlled</RestartType><RestartAction>ContinueAnalysis</RestartAction><RestartAtLoadStep>0</RestartAtLoadStep><RestartAtSubstep>0</RestartAtSubstep><RestartAtTime>0.000000000000000</RestartAtTime><EndStepTime>0.000000000000000</EndStepTime><ModifiedLoads></ModifiedLoads></RestartAnalysis><RestartControls version="1.0"><Controls>ProgramControlled</Controls><SaveAtLoadStep>None</SaveAtLoadStep><SaveAtSubstep>None</SaveAtSubstep><SaveSubstepFrequency>1</SaveSubstepFrequency><SaveMaximumFiles>0</SaveMaximumFiles><RetainFiles>No</RetainFiles><CombineMultiFrames>ProgramControlled</CombineMultiFrames></RestartControls><FractureControls version="1.0"><FractureSolverControls><HasSMARTCrackGrowth>false</HasSMARTCrackGrowth></FractureSolverControls></FractureControls><RotordynamicsControls version="1.0"><CoriolisEffect>No</CoriolisEffect><ReferenceFrameStationary>Stationary</ReferenceFrameStationary><RotatingDampingEffect>No</RotatingDampingEffect><CampbellDiagram>No</CampbellDiagram><Sorting>Yes</Sorting><ModalNumberofPoints>2</ModalNumberofPoints><ModeReuse>ProgramControlled</ModeReuse></RotordynamicsControls></StaticMechanicalSettings></AnalysisSettings></SolverRep></CAERep>