<?xml version="1.0" encoding="UTF-8" standalone="no" ?><CAERep ObjId="41" Type="CAERep" Ver="2"><AnswerSetID PropType="unsigned int">21</AnswerSetID><DSEnvironmentID PropType="int">20</DSEnvironmentID><Goal PropType="string">RunSolver</Goal><HasBetaKeyOn PropType="bool">false</HasBetaKeyOn><InProcess PropType="bool">true</InProcess><LastDatabaseId PropType="unsigned int">69</LastDatabaseId><NumProcessorsForPost PropType="int">0</NumProcessorsForPost><PID_Legacy_Solve PropType="int">0</PID_Legacy_Solve><PartialCode PropType="int">1</PartialCode><ProductVersion PropType="string">19.1 RELEASE</ProductVersion><ProductVersionForSec PropType="string">19.1</ProductVersionForSec><ProjectName PropType="string">aColor_boom_final_analysis--Static Structural (D5)</ProjectName><ReturnCode PropType="int">1</ReturnCode><SolveInvokedFromAddin PropType="int">0</SolveInvokedFromAddin><SysvarMap PropType="map&lt;string,string>"><Entry key="DSSolver ProgId">AMKSolver.AMKSolver.191</Entry></SysvarMap><EngineeringRep ObjId="42" Type="EngineeringRep" Ver="2"><BCRep ObjId="45" Type="BCRep" Ver="2"><StepEndTimes PropType="vector&lt;double>" UCat="Time" Unt="s">    1</StepEndTimes><Acceleration ObjId="27" Type="Acceleration" Ver="2"><Caption PropType="string">Standard Earth Gravity</Caption><IsBaseExcitation PropType="bool">false</IsBaseExcitation><RefCoordSysId PropType="unsigned int">19</RefCoordSysId><LoadStep ObjId="63" Type="LoadStep" Ver="2"><ActiveBitmask PropType="vector&lt;int>">63</ActiveBitmask><IsActive PropType="vector&lt;bool>">true</IsActive><Number PropType="vector&lt;int>"/></LoadStep><ComponentX ObjId="64" Type="Table" Ver="2"><StepNumber PropType="vector&lt;int>">1,1</StepNumber><Time PropType="vector&lt;double>" UCat="Time" Unt="s">    0,    1</Time><Values PropType="vector&lt;double>" UCat="Acceleration" Unt="m s^-2">    0,    0</Values></ComponentX><ComponentY ObjId="65" Type="Table" Ver="2"><StepNumber PropType="vector&lt;int>">1,1</StepNumber><Time PropType="vector&lt;double>" UCat="Time" Unt="s">    0,    1</Time><Values PropType="vector&lt;double>" UCat="Acceleration" Unt="m s^-2">    0,9.806649999999999</Values></ComponentY><ComponentZ ObjId="66" Type="Table" Ver="2"><StepNumber PropType="vector&lt;int>">1,1</StepNumber><Time PropType="vector&lt;double>" UCat="Time" Unt="s">    0,    1</Time><Values PropType="vector&lt;double>" UCat="Acceleration" Unt="m s^-2">    0,    0</Values></ComponentZ></Acceleration><FixedSurfaceSupport ObjId="25" Type="Support" Ver="2"><Caption PropType="string">Fixed Support</Caption><Scoping PropType="vector&lt;string>">26</Scoping><Type PropType="string"/></FixedSurfaceSupport></BCRep><GeometryAttributes ObjId="43" Type="GeometryAttributes" Ver="2"><AssemblyAttributes ObjId="44" Type="AssemblyAttributes" Ver="2"><ElementOptionControl PropType="string">ProgramControlled</ElementOptionControl><GeometrySource PropType="string">\\intra.tut.fi\home\shivakum\My Documents\Desktop\aColor_boom3\Manipulator_part2.SLDPRT</GeometrySource><Is2DAnalysis PropType="bool">false</Is2DAnalysis><PartAttributes ObjId="15" Type="PartAttributes" Ver="2"><Caption PropType="string">Manipulator_part2 Bodies</Caption><Mass PropType="double" UCat="Mass" Unt="kg">68.43068878729693</Mass><PartId PropType="unsigned int">3</PartId><BodyAttributes ObjId="16" Type="BodyAttributes" Ver="2"><AreNonLinearEffectsOn PropType="bool">true</AreNonLinearEffectsOn><BoundingBoxDiagonal PropType="double" UCat="Length" Unt="m">2.759866158791553</BoundingBoxDiagonal><Caption PropType="string">Manipulator_part2</Caption><ElementCoordSysId PropType="unsigned int">19</ElementCoordSysId><GeometryType PropType="string">Solid</GeometryType><Mass PropType="double" UCat="Mass" Unt="kg">68.43068878729693</Mass><ProtoReferenceId PropType="unsigned int">109</ProtoReferenceId><StiffnessBehavior PropType="string">Deformable</StiffnessBehavior><ThermalStrainCalculation PropType="bool">true</ThermalStrainCalculation><Centroid ObjId="52" Type="DSGePoint3d" Ver="3"><Coordinates PropType="vector&lt;double>" UCat="Length" Unt="m">0.3725826160084142,-0.008345203193782336,0.03899999945869534</Coordinates></Centroid><MassMomentOfInertia ObjId="51" Type="MassMomentOfInertia" Ver="2"><Ixx PropType="double" UCat="MomentInertiaMass" Unt="kg m^2">0.1499047885698457</Ixx><Iyy PropType="double" UCat="MomentInertiaMass" Unt="kg m^2">43.4059136984672</Iyy><Izz PropType="double" UCat="MomentInertiaMass" Unt="kg m^2">43.44159467463933</Izz></MassMomentOfInertia><MaterialRep ObjId="50" Type="MaterialRep" Ver="2"><MaterialName PropType="string">Structural Steel</MaterialName><ReferenceTemperature PropType="double" UCat="Temperature" Unt="Celsius">   22</ReferenceTemperature><UnitSystem PropType="int">0</UnitSystem><UseReferenceTemperature PropType="bool">false</UseReferenceTemperature></MaterialRep></BodyAttributes><Centroid ObjId="53" Type="DSGePoint3d" Ver="3"><Coordinates PropType="vector&lt;double>" UCat="Length" Unt="m">0.3725826160084142,-0.008345203193782336,0.03899999945869534</Coordinates></Centroid><MassMomentOfInertia ObjId="54" Type="MassMomentOfInertia" Ver="2"><Ixx PropType="double" UCat="MomentInertiaMass" Unt="kg m^2">0.1499047885698457</Ixx><Iyy PropType="double" UCat="MomentInertiaMass" Unt="kg m^2">43.4059136984672</Iyy><Izz PropType="double" UCat="MomentInertiaMass" Unt="kg m^2">43.44159467463933</Izz><CoordinateSystemRep ObjId="55" Type="CoordinateSystemRep" Ver="3"><Caption PropType="string">Undefined</Caption><CoordSystemIndex PropType="unsigned int">0</CoordSystemIndex><IsGlobal PropType="bool">false</IsGlobal><Param1 PropType="double">    1</Param1><Param2 PropType="double">    1</Param2><Singularity1 PropType="int">0</Singularity1><Singularity2 PropType="int">0</Singularity2><SolverCoordNumber PropType="unsigned int">0</SolverCoordNumber><Type PropType="string">Cartesian</Type><DSGePoint3d ObjId="57" Type="DSGePoint3d" Ver="3"><Coordinates PropType="vector&lt;double>" UCat="Length" Unt="m">0.3725826160084142,-0.008345203193782336,0.03899999945869534</Coordinates></DSGePoint3d><Matrix3X3 ObjId="56" Type="Matrix3X3" Ver="2"><IsOrthogonal PropType="bool">false</IsOrthogonal><Row0 PropType="vector&lt;double>">0.9999942239893854,0.003398821540896173,-4.451897272664848e-11</Row0><Row1 PropType="vector&lt;double>">-0.003398821540896173,0.9999942239893854,-1.880118862977958e-09</Row1><Row2 PropType="vector&lt;double>">3.812852709365476e-11,1.880259315434931e-09,    1</Row2></Matrix3X3></CoordinateSystemRep></MassMomentOfInertia></PartAttributes><PointMass ObjId="29" Type="PointMass" Ver="2"><AppliedBy PropType="string">Remote</AppliedBy><Behavior PropType="string">Deformable</Behavior><Caption PropType="string">Point Mass</Caption><Mass PropType="double" UCat="Mass" Unt="kg">   50</Mass><NodeId PropType="unsigned int">2967</NodeId><Pinball PropType="double" UCat="Length" Unt="m">    0</Pinball><RefCoordSysId PropType="unsigned int">19</RefCoordSysId><Scoping PropType="vector&lt;string>">31</Scoping><Location ObjId="58" Type="DSGePoint3d" Ver="3"><Coordinates PropType="vector&lt;double>" UCat="Length" Unt="m">1.751649856567383, -0.5,0.0390000008046627</Coordinates></Location><MassMomentOfInertia ObjId="59" Type="MassMomentOfInertia" Ver="2"><Ixx PropType="double" UCat="MomentInertiaMass" Unt="kg m^2">    0</Ixx><Iyy PropType="double" UCat="MomentInertiaMass" Unt="kg m^2">    0</Iyy><Izz PropType="double" UCat="MomentInertiaMass" Unt="kg m^2">    0</Izz></MassMomentOfInertia></PointMass></AssemblyAttributes></GeometryAttributes><ServiceRep ObjId="46" Type="ServiceRep" Ver="2"><CoordinateSystemRep ObjId="19" Type="CoordinateSystemRep" Ver="3"><Caption PropType="string">Global Coordinate System</Caption><CoordSystemIndex PropType="unsigned int">0</CoordSystemIndex><IsGlobal PropType="bool">true</IsGlobal><Param1 PropType="double">    1</Param1><Param2 PropType="double">    1</Param2><Singularity1 PropType="int">0</Singularity1><Singularity2 PropType="int">0</Singularity2><SolverCoordNumber PropType="int">0</SolverCoordNumber><Type PropType="string">Cartesian</Type><DSGePoint3d ObjId="61" Type="DSGePoint3d" Ver="3"><Coordinates PropType="vector&lt;double>" UCat="Length" Unt="m">    0,    0,    0</Coordinates></DSGePoint3d><Matrix3X3 ObjId="60" Type="Matrix3X3" Ver="2"><IsOrthogonal PropType="bool">false</IsOrthogonal><Row0 PropType="vector&lt;double>">    1,    0,    0</Row0><Row1 PropType="vector&lt;double>">    0,    1,    0</Row1><Row2 PropType="vector&lt;double>">    0,    0,    1</Row2></Matrix3X3></CoordinateSystemRep><ReferenceDataRep ObjId="62" Type="ReferenceDataRep" Ver="2"><BodyId PropType="vector&lt;unsigned int>">109,109,109,109</BodyId><PartId PropType="vector&lt;unsigned int>">3,3,3,3</PartId><RefId PropType="vector&lt;unsigned int>">1,2,3,4</RefId><RefItem PropType="vector&lt;unsigned int>">0,0,0,0</RefItem><RefType PropType="vector&lt;unsigned int>">1048576,49152,160,1048576</RefType><RefValue PropType="vector&lt;unsigned int>">109,15,62,109</RefValue><Scoping PropType="vector&lt;string>">17,31,26,28</Scoping><Type PropType="vector&lt;unsigned int>">1,1,1,1</Type><UBID PropType="vector&lt;unsigned int>">16,16,16,16</UBID><UPID PropType="vector&lt;unsigned int>">15,15,15,15</UPID></ReferenceDataRep><RemotePointRep ObjId="30" Type="RemotePointRep" Ver="3"><BeamMaterialName PropType="string">Structural Steel</BeamMaterialName><Caption PropType="string">Internal Remote Point</Caption><CondensedPartId PropType="int">0</CondensedPartId><DOFMask PropType="unsigned int">7</DOFMask><DOFMaskType PropType="string">ProgramControlled</DOFMaskType><FreeStanding PropType="bool">false</FreeStanding><HasScoping PropType="bool">true</HasScoping><LoadBehavior PropType="string">Deformable</LoadBehavior><Location PropType="vector&lt;double>" UCat="Length" Unt="m">1.751649856567383, -0.5,0.0390000008046627</Location><LocationX PropType="double" UCat="Length" Unt="m">    1</LocationX><LocationY PropType="double" UCat="Length" Unt="m">    1</LocationY><LocationZ PropType="double" UCat="Length" Unt="m">    1</LocationZ><NodeReferenceId PropType="unsigned int">110</NodeReferenceId><ParentId PropType="unsigned int">29</ParentId><ParentName PropType="string">Point Mass</ParentName><PartIds PropType="vector&lt;unsigned int>">15</PartIds><PinballSize PropType="double" UCat="Length" Unt="m">    0</PinballSize><Radius PropType="double" UCat="Length" Unt="m">    0</Radius><RefCoordSysId PropType="unsigned int">19</RefCoordSysId><Scoping PropType="vector&lt;string>">31</Scoping><UsedForDirectScoping PropType="bool">false</UsedForDirectScoping></RemotePointRep></ServiceRep></EngineeringRep><GeometryRep ObjId="49" Type="GeometryRep" Ver="2"><ActiveAssembly PropType="unsigned int">1</ActiveAssembly><PartsAssembly PropType="string">00000000027C3B48</PartsAssembly><Units PropType="string">m</Units></GeometryRep><MaterialLibraryRep ObjId="48" Type="MaterialLibraryRep" Ver="2"><FileName PropType="string">MatML.xml</FileName></MaterialLibraryRep><MeshRep ObjId="47" Type="MeshRep" Ver="2"><AssemblyMesh PropType="string">000000003582D448</AssemblyMesh><Configuration PropType="unsigned int">24</Configuration><IndependentMesh PropType="string">IndependentMesh.bin</IndependentMesh><RigidBodyBehavior PropType="string">DimensionallyReduced</RigidBodyBehavior><Units PropType="string">m</Units></MeshRep><SolverRep ObjId="67" Type="SolverRep" Ver="2"><AnalysisType PropType="string">Static</AnalysisType><PhysicsType PropType="string">Mechanical</PhysicsType><SolverTargetName PropType="string">ANSYS</SolverTargetName><SolverThreadCommunicationPointerId PropType="string">000000002D3CDF00</SolverThreadCommunicationPointerId><SolverUnits PropType="int">11</SolverUnits><UnknownPointerId PropType="string">0000000004D4CDC0</UnknownPointerId><FEConnectorsRep ObjId="22" Type="FEConnectorsRep" Ver="2"><StepSelection PropType="int">0</StepSelection></FEConnectorsRep><FileManagementRep ObjId="69" Type="FileManagementRep" Ver="2"><SolverFileDirectory PropType="string"/><SolverFileRelativeDirectory PropType="string"/></FileManagementRep><ProcessControls ObjId="68" Type="ProcessControls" Ver="2"><DistributedSolve PropType="bool">true</DistributedSolve><IsLocal PropType="bool">true</IsLocal><IsRSMSolve PropType="bool">false</IsRSMSolve><ManualMemorySettings PropType="bool">false</ManualMemorySettings><MaxProcessors PropType="int">2</MaxProcessors></ProcessControls><AnalysisSettings CAEType="extObj"><StaticMechanicalSettings version="1.0"><StepControls version="1.0"><EndTime>1.</EndTime><TimeStepOptions version="1.0"><AutoTimeSteppingType>ProgramControlled</AutoTimeSteppingType></TimeStepOptions><NonlinearControls version="1.0"><Force><ProgramControlled/></Force><Moment><ProgramControlled/></Moment><Rotation><ProgramControlled/></Rotation><Displacement><ProgramControlled/></Displacement><LineSearch>ProgramControlled</LineSearch><StabilizationControls><StabilizationControls version="1.0"><Controls>Off</Controls><Method>Energy</Method><EnergyDissipationRatio>1.e-004</EnergyDissipationRatio><DampingFactor>0.</DampingFactor><FirstSubstepOption>No</FirstSubstepOption><ForceLimit>0.2</ForceLimit></StabilizationControls></StabilizationControls></NonlinearControls><OutputControls version="1.0"><Stress>true</Stress><Strain>true</Strain><Contact>false</Contact><TimePointsOptions>All</TimePointsOptions><MaxNumberofResultSets>1000</MaxNumberofResultSets><GeneralMisc>false</GeneralMisc><CalculateFracture>false</CalculateFracture><ResultSetsType>Auto</ResultSetsType><CacheResultsInMemoryType>Never</CacheResultsInMemoryType><StoreModalResult>ProgramControlled</StoreModalResult><ExpandResultFrom>ProgramControlled</ExpandResultFrom><ProgControlledExpansion>Unknown</ProgControlledExpansion><NodalForcesType>No</NodalForcesType><CalculateParticipationFactorResult>ProgramControlled</CalculateParticipationFactorResult><CombineResultFiles>ProgramControlled</CombineResultFiles><TimePointsOptions>All</TimePointsOptions><ResultSets></ResultSets></OutputControls><CreepControls version="1.0"><CreepActivation/><CreepLimitRatio>1.</CreepLimitRatio></CreepControls><NonlinearAdaptivityControls version="3.0"><NLADHasMesh>0.</NLADHasMesh><NLADRefinementAlgorithm>0.</NLADRefinementAlgorithm><NLADRemeshingGradient>2.</NLADRemeshingGradient><NLADNumSculptedLayers>2.</NLADNumSculptedLayers><NLADNumSculptedLayersVal2>2.</NLADNumSculptedLayersVal2><NLADBoundaryAngle>15.</NLADBoundaryAngle><NLADRemeshingTolerance>5.e-002</NLADRemeshingTolerance><NLADRemeshingToleranceVal2>0.5</NLADRemeshingToleranceVal2><NLADGlobalSizeRatio>1.</NLADGlobalSizeRatio><NLADGlobalSizeRatioVal2>0.75</NLADGlobalSizeRatioVal2><NLADEdgeSplitAngle>10.</NLADEdgeSplitAngle><NLADLocalSizeRatio>1.</NLADLocalSizeRatio></NonlinearAdaptivityControls><InertialRelief>false</InertialRelief><LoadCaseIdentifier></LoadCaseIdentifier></StepControls><SolverControls version="1.0"><SolverType><ProgramControlled/></SolverType><UseLargeDeformation>false</UseLargeDeformation><WeakSprings><Off/></WeakSprings><FractureSolution>true</FractureSolution><NewtonRaphsonType><ProgramControlled/></NewtonRaphsonType><SolverPivotChecking>ProgramControlled</SolverPivotChecking></SolverControls><SolverFileControls version="1.0"><SolverEngineType>ANSYS</SolverEngineType><SolverUnits>11</SolverUnits><SolverFilesDirectory>\\intra.tut.fi\home\shivakum\My Documents\Desktop\aColor_boom3\Analysis\aColor_boom_final_analysis_files\dp0\SYS-2\MECH\</SolverFilesDirectory><SolverJobname>file</SolverJobname><ScratchSolverFilesDirectory>\\intra.tut.fi\home\shivakum\My Documents\Desktop\aColor_boom3\Analysis\_ProjectScratch\ScrC6C5\</ScratchSolverFilesDirectory><AdditionalList/><SaveANSYSDB>false</SaveANSYSDB><ContactSummary>kAnalysisSettingsContactSummaryProgramControlled</ContactSummary><DeleteUnusedFiles>true</DeleteUnusedFiles><ResultFile>file.rst</ResultFile><NonlinearSolution>false</NonlinearSolution></SolverFileControls><RestartAnalysis version="1.0"><RestartType>ProgramControlled</RestartType><RestartAction>ContinueAnalysis</RestartAction><RestartAtLoadStep>0</RestartAtLoadStep><RestartAtSubstep>0</RestartAtSubstep><RestartAtTime>0.000000000000000</RestartAtTime><EndStepTime>0.000000000000000</EndStepTime><ModifiedLoads></ModifiedLoads></RestartAnalysis><RestartControls version="1.0"><Controls>ProgramControlled</Controls><SaveAtLoadStep>None</SaveAtLoadStep><SaveAtSubstep>None</SaveAtSubstep><SaveSubstepFrequency>1</SaveSubstepFrequency><SaveMaximumFiles>0</SaveMaximumFiles><RetainFiles>No</RetainFiles><CombineMultiFrames>ProgramControlled</CombineMultiFrames></RestartControls><FractureControls version="1.0"><FractureSolverControls><HasSMARTCrackGrowth>false</HasSMARTCrackGrowth></FractureSolverControls></FractureControls><RotordynamicsControls version="1.0"><CoriolisEffect>No</CoriolisEffect><ReferenceFrameStationary>Stationary</ReferenceFrameStationary><RotatingDampingEffect>No</RotatingDampingEffect><CampbellDiagram>No</CampbellDiagram><Sorting>Yes</Sorting><ModalNumberofPoints>2</ModalNumberofPoints><ModeReuse>ProgramControlled</ModeReuse></RotordynamicsControls></StaticMechanicalSettings></AnalysisSettings></SolverRep></CAERep>