<?xml version="1.0" encoding="UTF-8" standalone="no" ?><CAERep ObjId="2" Type="CAERep" Ver="2"><Goal PropType="string">Unknown</Goal><InProcess PropType="bool">true</InProcess><LastDatabaseId PropType="unsigned int">5</LastDatabaseId><PartialCode PropType="int">2</PartialCode><ProductVersion PropType="string">Unknown</ProductVersion><ProjectName PropType="string">Unknown</ProjectName><ReturnCode PropType="int">1</ReturnCode><SysvarMap PropType="map&lt;string,string>"/><PostRep ObjId="3" Type="PostRep" Ver="2"><FatigueRep ObjId="5" Type="FatigueRep" Ver="2"/><ResultRep ObjId="4" Type="ResultRep" Ver="2"><CalculationType PropType="string">Both</CalculationType><numResultProbes PropType="unsigned int">0</numResultProbes><resultFilename PropType="string">file.mbd</resultFilename><rstUnitSystem PropType="int">11</rstUnitSystem></ResultRep></PostRep></CAERep>